id,Expression,theta,size,MSE_train,MSE_val,MSE_test,R2_train,R2_val,R2_test,nll_train,nll_val,nll_test,mdl_train,mdl_val,mdl_test
0,(Abs(((Abs(((Abs(-0.6661280402152686) ^ x1) * x0)) ^ x1) * x1)) ^ -5.293297941072043e-2),-0.6661280402152686;-5.293297941072043e-2,14,9.897069532254783e-4,9.897069532254783e-4,9.897069532254783e-4,0.9612382387275794,0.9612382387275794,0.9612382387275794,9.897069532254783e-4,9.897069532254783e-4,9.897069532254783e-4,21.058114887205395,21.058114887205395,21.058114887205395
