id,Expression,theta,size,MSE_train,MSE_val,MSE_test,R2_train,R2_val,R2_test,nll_train,nll_val,nll_test,mdl_train,mdl_val,mdl_test
0,(Abs(((Abs(x0) ^ -4.703160099055289) + (-0.1622736057201504 * x1))) ^ x1),-4.703160099055289;-0.1622736057201504,11,8.780821491259265e-2,8.780821491259265e-2,8.780821491259265e-2,-2.438998840118177,-2.438998840118177,-2.438998840118177,8.780821491259265e-2,8.780821491259265e-2,8.780821491259265e-2,19.746817954099367,19.746817954099367,19.746817954099367
