id,Expression,theta,size,MSE_train,MSE_val,MSE_test,R2_train,R2_val,R2_test,nll_train,nll_val,nll_test,mdl_train,mdl_val,mdl_test
0,((Abs((Recip((Abs(x0) ^ 5.2506156636282206e-2)) * 1.5080596731693199)) ^ x1) / x1),5.2506156636282206e-2;1.5080596731693199,12,9.759092507138051e-4,9.759092507138051e-4,9.759092507138051e-4,0.9617786241912991,0.9617786241912991,0.9617786241912991,9.759092507138051e-4,9.759092507138051e-4,9.759092507138051e-4,24.669013625273717,24.669013625273717,24.669013625273717
