id,Expression,theta,size,MSE_train,MSE_val,MSE_test,R2_train,R2_val,R2_test,nll_train,nll_val,nll_test,mdl_train,mdl_val,mdl_test
0,((Abs(((Abs(x0) ^ -5.2486799744571176e-2) * 1.507957656182165)) ^ x1) / x1),-5.2486799744571176e-2;1.507957656182165,11,9.759135431251044e-4,9.759135431251044e-4,9.759135431251044e-4,0.9617784560794944,0.9617784560794944,0.9617784560794944,9.759135431251044e-4,9.759135431251044e-4,9.759135431251044e-4,21.3355223609833,21.3355223609833,21.3355223609833
