id,Expression,theta,size,MSE_train,MSE_val,MSE_test,R2_train,R2_val,R2_test,nll_train,nll_val,nll_test,mdl_train,mdl_val,mdl_test
0,((Abs((-1.5084312996243272 / (Abs(x0) ^ 5.256987308401071e-2))) ^ x1) / x1),-1.5084312996243272;5.256987308401071e-2,11,9.759376430581832e-4,9.759376430581832e-4,9.759376430581832e-4,0.9617775122083317,0.9617775122083317,0.9617775122083317,9.759376430581832e-4,9.759376430581832e-4,9.759376430581832e-4,19.69594487113335,19.69594487113335,19.69594487113335
