id,Expression,theta,size,MSE_train,MSE_val,MSE_test,R2_train,R2_val,R2_test,nll_train,nll_val,nll_test,mdl_train,mdl_val,mdl_test
0,((Abs(((Abs(x0) ^ -5.247527207871523e-2) * 1.5078683837475064)) ^ x1) / x1),-5.247527207871523e-2;1.5078683837475064,11,9.759191125815574e-4,9.759191125815574e-4,9.759191125815574e-4,0.9617782379523602,0.9617782379523602,0.9617782379523602,9.759191125815574e-4,9.759191125815574e-4,9.759191125815574e-4,21.33510814068041,21.33510814068041,21.33510814068041
