id,Expression,theta,size,MSE_train,MSE_val,MSE_test,R2_train,R2_val,R2_test,nll_train,nll_val,nll_test,mdl_train,mdl_val,mdl_test
0,(Abs((Abs((((-0.22385989392378833 * x1) / x0) * x1)) ^ 5.28460133050185e-2)) ^ x1),-0.22385989392378833;5.28460133050185e-2,13,9.986962135524408e-4,9.986962135524408e-4,9.986962135524408e-4,0.9608861753600606,0.9608861753600606,0.9608861753600606,9.986962135524408e-4,9.986962135524408e-4,9.986962135524408e-4,21.267884689507866,21.267884689507866,21.267884689507866
