id,Expression,theta,size,MSE_train,MSE_val,MSE_test,R2_train,R2_val,R2_test,nll_train,nll_val,nll_test,mdl_train,mdl_val,mdl_test
0,((Abs((Abs((x0 * 4.001994207683689e-4)) ^ x1)) ^ -5.25155305729801e-2) / x1),4.001994207683689e-4;-5.25155305729801e-2,11,9.759093236708412e-4,9.759093236708412e-4,9.759093236708412e-4,0.9617786213339451,0.9617786213339451,0.9617786213339451,9.759093236708412e-4,9.759093236708412e-4,9.759093236708412e-4,Infinity,Infinity,Infinity
