id,Expression,theta,size,MSE_train,MSE_val,MSE_test,R2_train,R2_val,R2_test,nll_train,nll_val,nll_test,mdl_train,mdl_val,mdl_test
0,(0.699109976476032 - (-2.721435461168679 * Recip((Recip(x0) + x0)))),0.699109976476032;-2.721435461168679,9,1.1849299752136253e-2,1.1849299752136253e-2,1.1849299752136253e-2,0.8119683796708823,0.8119683796708823,0.8119683796708823,1.1849299752136253e-2,1.1849299752136253e-2,1.1849299752136253e-2,20.68782955264916,20.68782955264916,20.68782955264916
