id,Expression,theta,size,MSE_train,MSE_val,MSE_test,R2_train,R2_val,R2_test,nll_train,nll_val,nll_test,mdl_train,mdl_val,mdl_test
0,((Abs((0.5438194999688462 + x0)) ^ Recip((Abs(x0) ^ x0))) + 0.5274118920235489),0.5438194999688462;0.5274118920235489,12,1.123240354283236e-2,1.123240354283236e-2,1.123240354283236e-2,0.8217576496055372,0.8217576496055372,0.8217576496055372,1.123240354283236e-2,1.123240354283236e-2,1.123240354283236e-2,24.711993552894498,24.711993552894498,24.711993552894498
