id,Expression,theta,size,MSE_train,MSE_val,MSE_test,R2_train,R2_val,R2_test,nll_train,nll_val,nll_test,mdl_train,mdl_val,mdl_test
0,(0.6991099896648385 + (2.7214354287038485 * Recip((Recip(x0) + x0)))),0.6991099896648385;2.7214354287038485,9,1.184929975213625e-2,1.184929975213625e-2,1.184929975213625e-2,0.8119683796708824,0.8119683796708824,0.8119683796708824,1.184929975213625e-2,1.184929975213625e-2,1.184929975213625e-2,19.0469355484394,19.0469355484394,19.0469355484394
