id,Expression,theta,size,MSE_train,MSE_val,MSE_test,R2_train,R2_val,R2_test,nll_train,nll_val,nll_test,mdl_train,mdl_val,mdl_test
0,((x0 * (Recip((Abs(x0) ^ x0)) + 0.2625904391388196)) + 0.7718064279746772),0.2625904391388196;0.7718064279746772,11,6.483165055502195e-3,6.483165055502195e-3,6.483165055502195e-3,0.8971213442357708,0.8971213442357708,0.8971213442357708,6.483165055502195e-3,6.483165055502195e-3,6.483165055502195e-3,25.19819394505491,25.19819394505491,25.19819394505491
