id,Expression,theta,size,MSE_train,MSE_val,MSE_test,R2_train,R2_val,R2_test,nll_train,nll_val,nll_test,mdl_train,mdl_val,mdl_test
0,((Recip((x0 + Recip(x0))) * 2.7214354287038502) + 0.69910998966484),2.7214354287038502;0.69910998966484,9,1.1849299752136241e-2,1.1849299752136241e-2,1.1849299752136241e-2,0.8119683796708825,0.8119683796708825,0.8119683796708825,1.1849299752136241e-2,1.1849299752136241e-2,1.1849299752136241e-2,19.046935548439404,19.046935548439404,19.046935548439404
