id,Expression,theta,size,MSE_train,MSE_val,MSE_test,R2_train,R2_val,R2_test,nll_train,nll_val,nll_test,mdl_train,mdl_val,mdl_test
0,((Abs((x0 + 0.5438194999688432)) ^ Recip((Abs(x0) ^ x0))) + 0.5274118920235503),0.5438194999688432;0.5274118920235503,12,1.1232403542832373e-2,1.1232403542832373e-2,1.1232403542832373e-2,0.821757649605537,0.821757649605537,0.821757649605537,1.1232403542832373e-2,1.1232403542832373e-2,1.1232403542832373e-2,24.711993552894498,24.711993552894498,24.711993552894498
