id,Expression,theta,size,MSE_train,MSE_val,MSE_test,R2_train,R2_val,R2_test,nll_train,nll_val,nll_test,mdl_train,mdl_val,mdl_test
0,(0.699109989664834 + (Recip((Recip(x0) + x0)) * 2.7214354287038485)),0.699109989664834;2.7214354287038485,9,1.1849299752136246e-2,1.1849299752136246e-2,1.1849299752136246e-2,0.8119683796708824,0.8119683796708824,0.8119683796708824,1.1849299752136246e-2,1.1849299752136246e-2,1.1849299752136246e-2,19.046935548439393,19.046935548439393,19.046935548439393
