id,Expression,theta,size,MSE_train,MSE_val,MSE_test,R2_train,R2_val,R2_test,nll_train,nll_val,nll_test,mdl_train,mdl_val,mdl_test
0,((Recip((Recip(x0) + x0)) * 2.721435428703847) + 0.699109989664836),2.721435428703847;0.699109989664836,9,1.184929975213625e-2,1.184929975213625e-2,1.184929975213625e-2,0.8119683796708824,0.8119683796708824,0.8119683796708824,1.184929975213625e-2,1.184929975213625e-2,1.184929975213625e-2,19.046935548439397,19.046935548439397,19.046935548439397
