id,Expression,theta,size,MSE_train,MSE_val,MSE_test,R2_train,R2_val,R2_test,nll_train,nll_val,nll_test,mdl_train,mdl_val,mdl_test
0,(((Recip((Abs(x0) ^ x0)) + 0.26259043907000806) * x0) + 0.7718064281057235),0.26259043907000806;0.7718064281057235,11,6.483165055502195e-3,6.483165055502195e-3,6.483165055502195e-3,0.8971213442357708,0.8971213442357708,0.8971213442357708,6.483165055502195e-3,6.483165055502195e-3,6.483165055502195e-3,25.198193944962654,25.198193944962654,25.198193944962654
