id,Expression,theta,size,MSE_train,MSE_val,MSE_test,R2_train,R2_val,R2_test,nll_train,nll_val,nll_test,mdl_train,mdl_val,mdl_test
0,(0.6991099896648352 - (-2.7214354287038454 / (Recip(x0) + x0))),0.6991099896648352;-2.7214354287038454,8,1.1849299752136245e-2,1.1849299752136245e-2,1.1849299752136245e-2,0.8119683796708824,0.8119683796708824,0.8119683796708824,1.1849299752136245e-2,1.1849299752136245e-2,1.1849299752136245e-2,16.38449381891087,16.38449381891087,16.38449381891087
