id,Expression,theta,size,MSE_train,MSE_val,MSE_test,R2_train,R2_val,R2_test,nll_train,nll_val,nll_test,mdl_train,mdl_val,mdl_test
0,(((Recip((Abs(x0) ^ x0)) + 0.26259043913380065) * x0) + 0.7718064279843414),0.26259043913380065;0.7718064279843414,11,6.483165055502193e-3,6.483165055502193e-3,6.483165055502193e-3,0.8971213442357708,0.8971213442357708,0.8971213442357708,6.483165055502193e-3,6.483165055502193e-3,6.483165055502193e-3,25.19819394504832,25.19819394504832,25.19819394504832
