id,Expression,theta,size,MSE_train,MSE_val,MSE_test,R2_train,R2_val,R2_test,nll_train,nll_val,nll_test,mdl_train,mdl_val,mdl_test
0,(Abs((((x1 - x0) * 5.308562701024764e-2) * x0)) ^ -0.12296212874066548),5.308562701024764e-2;-0.12296212874066548,10,1.2937852452086897e-3,1.2937852452086897e-3,1.2937852452086897e-3,0.9493290466949623,0.9493290466949623,0.9493290466949623,1.2937852452086897e-3,1.2937852452086897e-3,1.2937852452086897e-3,20.71765306613206,20.71765306613206,20.71765306613206
