id,Expression,theta,size,MSE_train,MSE_val,MSE_test,R2_train,R2_val,R2_test,nll_train,nll_val,nll_test,mdl_train,mdl_val,mdl_test
0,(Abs(((Recip((-0.15509997789481117 * x0)) * x1) / x0)) ^ 0.1325954275459866),-0.15509997789481117;0.1325954275459866,11,1.303662787179546e-3,1.303662787179546e-3,1.303662787179546e-3,0.9489421938769793,0.9489421938769793,0.9489421938769793,1.303662787179546e-3,1.303662787179546e-3,1.303662787179546e-3,24.12988406904325,24.12988406904325,24.12988406904325
