id,Expression,theta,size,MSE_train,MSE_val,MSE_test,R2_train,R2_val,R2_test,nll_train,nll_val,nll_test,mdl_train,mdl_val,mdl_test
0,(Abs((((x0 - x1) + x0) * -0.11258424853631194)) ^ -0.24763683804948008),-0.11258424853631194;-0.24763683804948008,10,1.292659120157122e-3,1.292659120157122e-3,1.292659120157122e-3,0.9493731512556806,0.9493731512556806,0.9493731512556806,1.292659120157122e-3,1.292659120157122e-3,1.292659120157122e-3,22.052610272714823,22.052610272714823,22.052610272714823
