id,Expression,theta,size,MSE_train,MSE_val,MSE_test,R2_train,R2_val,R2_test,nll_train,nll_val,nll_test,mdl_train,mdl_val,mdl_test
0,(Abs(((x0 + Recip(x1)) * 0.17847859154989185)) ^ -0.2639684721638114),0.17847859154989185;-0.2639684721638114,9,1.3041735766185071e-3,1.3041735766185071e-3,1.3041735766185071e-3,0.9489221888661739,0.9489221888661739,0.9489221888661739,1.3041735766185071e-3,1.3041735766185071e-3,1.3041735766185071e-3,19.97099588785092,19.97099588785092,19.97099588785092
