id,Expression,theta,size,MSE_train,MSE_val,MSE_test,R2_train,R2_val,R2_test,nll_train,nll_val,nll_test,mdl_train,mdl_val,mdl_test
0,(Abs((x1 / x0)) ^ ((-0.6005064512445568 / x1) + 0.37407420189421076)),-0.6005064512445568;0.37407420189421076,10,1.090086455498621e-3,1.090086455498621e-3,1.090086455498621e-3,0.9573068868349051,0.9573068868349051,0.9573068868349051,1.090086455498621e-3,1.090086455498621e-3,1.090086455498621e-3,21.12218988335923,21.12218988335923,21.12218988335923
