id,Expression,theta,size,MSE_train,MSE_val,MSE_test,R2_train,R2_val,R2_test,nll_train,nll_val,nll_test,mdl_train,mdl_val,mdl_test
0,((Recip(x1) + (Abs((x0 / x1)) ^ -0.29123721084473975)) + -0.15548517737272805),-0.29123721084473975;-0.15548517737272805,11,1.1823814174439925e-3,1.1823814174439925e-3,1.1823814174439925e-3,0.953692165052953,0.953692165052953,0.953692165052953,1.1823814174439925e-3,1.1823814174439925e-3,1.1823814174439925e-3,24.16494439773712,24.16494439773712,24.16494439773712
