id,Expression,theta,size,MSE_train,MSE_val,MSE_test,R2_train,R2_val,R2_test,nll_train,nll_val,nll_test,mdl_train,mdl_val,mdl_test
0,((-0.3890979575714298 - x0) * (-0.48296999502317167 - Recip((Abs(x0) ^ x0)))),-0.3890979575714298;-0.48296999502317167,11,3.847224564895653e-3,3.847224564895653e-3,3.847224564895653e-3,0.9389499899707663,0.9389499899707663,0.9389499899707663,3.847224564895653e-3,3.847224564895653e-3,3.847224564895653e-3,19.403574563462115,19.403574563462115,19.403574563462115
