id,Expression,theta,size,MSE_train,MSE_val,MSE_test,R2_train,R2_val,R2_test,nll_train,nll_val,nll_test,mdl_train,mdl_val,mdl_test
0,((Abs(x0) ^ (Recip(x0) + -1.321718570672584)) + (Abs(1.103227689866976) ^ x0)),-1.321718570672584;1.103227689866976,12,4.1766313005291295e-3,4.1766313005291295e-3,4.1766313005291295e-3,0.9337227711861862,0.9337227711861862,0.9337227711861862,4.1766313005291295e-3,4.1766313005291295e-3,4.1766313005291295e-3,16.688599605792263,16.688599605792263,16.688599605792263
