id,Expression,theta,size,MSE_train,MSE_val,MSE_test,R2_train,R2_val,R2_test,nll_train,nll_val,nll_test,mdl_train,mdl_val,mdl_test
0,(Abs(((Abs(x0) ^ (Recip(x0) + -2.762323076276543)) + 1.1225101331141343)) ^ x0),-2.762323076276543;1.1225101331141343,12,3.558695556309255e-3,3.558695556309255e-3,3.558695556309255e-3,0.9435285370690177,0.9435285370690177,0.9435285370690177,3.558695556309255e-3,3.558695556309255e-3,3.558695556309255e-3,16.76237456987802,16.76237456987802,16.76237456987802
